,Count,Database,Implementation,Test name,Value,Y label
0,7,postgresql,treebeard NS,Create all objects,0.07303047180175781,Time (s)
1,7,postgresql,treebeard NS,Get previous sibling [leaf],0.0018515372276306152,Time (s)
2,7,postgresql,treebeard NS,Get descendants count [root],9.918212890625e-07,Time (s)
3,7,postgresql,treebeard NS,Get next sibling [leaf],0.0018554425239562988,Time (s)
4,7,postgresql,treebeard NS,Get children [root],0.0005418038368225097,Time (s)
5,7,postgresql,treebeard NS,Get children count [leaf],0.00037055253982543946,Time (s)
6,7,postgresql,treebeard NS,Get siblings [root],0.00202730655670166,Time (s)
7,7,postgresql,treebeard NS,Table disk usage (including indexes),8192.0,Disk usage (bytes)
8,7,postgresql,treebeard NS,Get ancestors [root],0.00042270660400390626,Time (s)
9,7,postgresql,treebeard NS,Get next sibling [root],0.0020508599281311036,Time (s)
10,7,postgresql,treebeard NS,Get descendants [leaf],0.0004260969161987305,Time (s)
11,7,postgresql,treebeard NS,Get descendants [root],0.0003577613830566406,Time (s)
12,7,postgresql,treebeard NS,Get descendants count [leaf],5.507469177246094e-07,Time (s)
13,7,postgresql,treebeard NS,Get previous sibling [root],0.0019094729423522949,Time (s)
14,7,postgresql,treebeard NS,Get siblings [leaf],0.0018170976638793945,Time (s)
15,7,postgresql,treebeard NS,Get ancestors [leaf],0.0004144597053527832,Time (s)
16,7,postgresql,treebeard NS,Get children count [root],0.00041431665420532226,Time (s)
17,7,postgresql,treebeard NS,Get children [leaf],0.0005196332931518555,Time (s)
18,49,postgresql,treebeard NS,Create all objects,0.6981077194213867,Time (s)
19,49,postgresql,treebeard NS,Get previous sibling [leaf],0.005810434818267822,Time (s)
20,49,postgresql,treebeard NS,Get descendants count [root],1.0704994201660157e-06,Time (s)
21,49,postgresql,treebeard NS,Get next sibling [leaf],0.005718393325805664,Time (s)
22,49,postgresql,treebeard NS,Get children [root],0.003077857494354248,Time (s)
23,49,postgresql,treebeard NS,Get children count [leaf],0.00043686866760253904,Time (s)
24,49,postgresql,treebeard NS,Get siblings [root],0.0018356633186340332,Time (s)
25,49,postgresql,treebeard NS,Table disk usage (including indexes),8192.0,Disk usage (bytes)
26,49,postgresql,treebeard NS,Get ancestors [root],0.0004431772232055664,Time (s)
27,49,postgresql,treebeard NS,Get next sibling [root],0.0018542623519897461,Time (s)
28,49,postgresql,treebeard NS,Get descendants [leaf],0.0004202866554260254,Time (s)
29,49,postgresql,treebeard NS,Get descendants [root],0.002636063098907471,Time (s)
30,49,postgresql,treebeard NS,Get descendants count [leaf],1.0061264038085937e-06,Time (s)
31,49,postgresql,treebeard NS,Get previous sibling [root],0.002089855670928955,Time (s)
32,49,postgresql,treebeard NS,Get siblings [leaf],0.005113861560821533,Time (s)
33,49,postgresql,treebeard NS,Get ancestors [leaf],0.0021982240676879884,Time (s)
34,49,postgresql,treebeard NS,Get children count [root],0.0024492549896240235,Time (s)
35,49,postgresql,treebeard NS,Get children [leaf],0.000535876750946045,Time (s)
36,259,postgresql,treebeard NS,Create all objects,3.835388422012329,Time (s)
37,259,postgresql,treebeard NS,Get previous sibling [leaf],0.006317200660705566,Time (s)
38,259,postgresql,treebeard NS,Get children [branch],0.0033889174461364745,Time (s)
39,259,postgresql,treebeard NS,Get descendants count [root],1.0752677917480468e-06,Time (s)
40,259,postgresql,treebeard NS,Get ancestors [branch],0.0004418683052062988,Time (s)
41,259,postgresql,treebeard NS,Get next sibling [leaf],0.0064489650726318355,Time (s)
42,259,postgresql,treebeard NS,Get previous sibling [branch],0.002308502197265625,Time (s)
43,259,postgresql,treebeard NS,Get siblings [branch],0.0023615479469299315,Time (s)
44,259,postgresql,treebeard NS,Get children [root],0.0036150336265563963,Time (s)
45,259,postgresql,treebeard NS,Get descendants count [branch],1.0657310485839843e-06,Time (s)
46,259,postgresql,treebeard NS,Get children count [leaf],0.0004657435417175293,Time (s)
47,259,postgresql,treebeard NS,Get siblings [root],0.0023765087127685545,Time (s)
48,259,postgresql,treebeard NS,Table disk usage (including indexes),90112.0,Disk usage (bytes)
49,259,postgresql,treebeard NS,Get ancestors [root],0.00043521404266357424,Time (s)
50,259,postgresql,treebeard NS,Get next sibling [root],0.002250821590423584,Time (s)
51,259,postgresql,treebeard NS,Get children count [branch],0.00305415153503418,Time (s)
52,259,postgresql,treebeard NS,Get descendants [leaf],0.00042358636856079104,Time (s)
53,259,postgresql,treebeard NS,Get descendants [root],0.0033527922630310057,Time (s)
54,259,postgresql,treebeard NS,Get descendants count [leaf],9.942054748535156e-07,Time (s)
55,259,postgresql,treebeard NS,Get previous sibling [root],0.0021749281883239745,Time (s)
56,259,postgresql,treebeard NS,Get siblings [leaf],0.00639270544052124,Time (s)
57,259,postgresql,treebeard NS,Get ancestors [leaf],0.0026160454750061035,Time (s)
58,259,postgresql,treebeard NS,Get children count [root],0.003018040657043457,Time (s)
59,259,postgresql,treebeard NS,Get descendants [branch],0.0034699177742004393,Time (s)
60,259,postgresql,treebeard NS,Get children [leaf],0.0005421686172485352,Time (s)
61,259,postgresql,treebeard NS,Get next sibling [branch],0.002298445701599121,Time (s)
62,1099,postgresql,treebeard NS,Create all objects,23.49455690383911,Time (s)
63,1099,postgresql,treebeard NS,Get previous sibling [leaf],0.012215561866760254,Time (s)
64,1099,postgresql,treebeard NS,Get children [branch],0.005995113849639893,Time (s)
65,1099,postgresql,treebeard NS,Get descendants count [root],1.5211105346679687e-06,Time (s)
66,1099,postgresql,treebeard NS,Get ancestors [branch],0.00044512033462524415,Time (s)
67,1099,postgresql,treebeard NS,Get next sibling [leaf],0.012639427185058593,Time (s)
68,1099,postgresql,treebeard NS,Get previous sibling [branch],0.0027994632720947264,Time (s)
69,1099,postgresql,treebeard NS,Get siblings [branch],0.0029305315017700197,Time (s)
70,1099,postgresql,treebeard NS,Get children [root],0.005437557697296143,Time (s)
71,1099,postgresql,treebeard NS,Get descendants count [branch],1.3875961303710938e-06,Time (s)
72,1099,postgresql,treebeard NS,Get children count [leaf],0.0004667806625366211,Time (s)
73,1099,postgresql,treebeard NS,Get siblings [root],0.0027886319160461428,Time (s)
74,1099,postgresql,treebeard NS,Table disk usage (including indexes),1286144.0,Disk usage (bytes)
75,1099,postgresql,treebeard NS,Get ancestors [root],0.0004351496696472168,Time (s)
76,1099,postgresql,treebeard NS,Get next sibling [root],0.0028317594528198243,Time (s)
77,1099,postgresql,treebeard NS,Get children count [branch],0.005555062294006347,Time (s)
78,1099,postgresql,treebeard NS,Get descendants [leaf],0.00040617704391479495,Time (s)
79,1099,postgresql,treebeard NS,Get descendants [root],0.015655264854431153,Time (s)
80,1099,postgresql,treebeard NS,Get descendants count [leaf],1.1396408081054688e-06,Time (s)
81,1099,postgresql,treebeard NS,Get previous sibling [root],0.0026737785339355467,Time (s)
82,1099,postgresql,treebeard NS,Get siblings [leaf],0.01264704465866089,Time (s)
83,1099,postgresql,treebeard NS,Get ancestors [leaf],0.0040050697326660155,Time (s)
84,1099,postgresql,treebeard NS,Get children count [root],0.0040051817893981935,Time (s)
85,1099,postgresql,treebeard NS,Get descendants [branch],0.01496208667755127,Time (s)
86,1099,postgresql,treebeard NS,Get children [leaf],0.0005046486854553223,Time (s)
87,1099,postgresql,treebeard NS,Get next sibling [branch],0.0027299976348876954,Time (s)
88,3619,postgresql,treebeard NS,Create all objects,92.72192597389221,Time (s)
89,3619,postgresql,treebeard NS,Get previous sibling [leaf],0.007007324695587158,Time (s)
90,3619,postgresql,treebeard NS,Get children [branch],0.0035619473457336424,Time (s)
91,3619,postgresql,treebeard NS,Get descendants count [root],1.1873245239257814e-06,Time (s)
92,3619,postgresql,treebeard NS,Get ancestors [branch],0.00043540239334106446,Time (s)
93,3619,postgresql,treebeard NS,Get next sibling [leaf],0.006936013698577881,Time (s)
94,3619,postgresql,treebeard NS,Get previous sibling [branch],0.0032112908363342283,Time (s)
95,3619,postgresql,treebeard NS,Get siblings [branch],0.003489820957183838,Time (s)
96,3619,postgresql,treebeard NS,Get children [root],0.0033639764785766604,Time (s)
97,3619,postgresql,treebeard NS,Get descendants count [branch],1.0991096496582032e-06,Time (s)
98,3619,postgresql,treebeard NS,Get children count [leaf],0.00043935298919677734,Time (s)
99,3619,postgresql,treebeard NS,Get siblings [root],0.0037063288688659666,Time (s)
100,3619,postgresql,treebeard NS,Table disk usage (including indexes),10829824.0,Disk usage (bytes)
101,3619,postgresql,treebeard NS,Get ancestors [root],0.00045702219009399416,Time (s)
102,3619,postgresql,treebeard NS,Get next sibling [root],0.0036765217781066896,Time (s)
103,3619,postgresql,treebeard NS,Get children count [branch],0.003209638595581055,Time (s)
104,3619,postgresql,treebeard NS,Get descendants [leaf],0.0004434823989868164,Time (s)
105,3619,postgresql,treebeard NS,Get descendants [root],0.01862415552139282,Time (s)
106,3619,postgresql,treebeard NS,Get descendants count [leaf],7.319450378417968e-07,Time (s)
107,3619,postgresql,treebeard NS,Get previous sibling [root],0.0038216209411621096,Time (s)
108,3619,postgresql,treebeard NS,Get siblings [leaf],0.006903843879699707,Time (s)
109,3619,postgresql,treebeard NS,Get ancestors [leaf],0.006552238464355469,Time (s)
110,3619,postgresql,treebeard NS,Get children count [root],0.0032004880905151366,Time (s)
111,3619,postgresql,treebeard NS,Get descendants [branch],0.01865466833114624,Time (s)
112,3619,postgresql,treebeard NS,Get children [leaf],0.0005205202102661132,Time (s)
113,3619,postgresql,treebeard NS,Get next sibling [branch],0.003505861759185791,Time (s)
114,8659,postgresql,treebeard NS,Create all objects,279.2179307937622,Time (s)
115,8659,postgresql,treebeard NS,Get previous sibling [leaf],0.005346009731292725,Time (s)
116,8659,postgresql,treebeard NS,Get children [branch],0.002956211566925049,Time (s)
117,8659,postgresql,treebeard NS,Get descendants count [root],1.2803077697753907e-06,Time (s)
118,8659,postgresql,treebeard NS,Get ancestors [branch],0.0004465222358703613,Time (s)
119,8659,postgresql,treebeard NS,Get next sibling [leaf],0.00623223066329956,Time (s)
120,8659,postgresql,treebeard NS,Get previous sibling [branch],0.002901492118835449,Time (s)
121,8659,postgresql,treebeard NS,Get siblings [branch],0.0030358600616455077,Time (s)
122,8659,postgresql,treebeard NS,Get children [root],0.0025509119033813475,Time (s)
123,8659,postgresql,treebeard NS,Get descendants count [branch],8.7738037109375e-07,Time (s)
124,8659,postgresql,treebeard NS,Get children count [leaf],0.00045268535614013673,Time (s)
125,8659,postgresql,treebeard NS,Get siblings [root],0.002684457302093506,Time (s)
126,8659,postgresql,treebeard NS,Table disk usage (including indexes),57942016.0,Disk usage (bytes)
127,8659,postgresql,treebeard NS,Get ancestors [root],0.0003799772262573242,Time (s)
128,8659,postgresql,treebeard NS,Get next sibling [root],0.002757885456085205,Time (s)
129,8659,postgresql,treebeard NS,Get children count [branch],0.0024318790435791018,Time (s)
130,8659,postgresql,treebeard NS,Get descendants [leaf],0.00036173343658447266,Time (s)
131,8659,postgresql,treebeard NS,Get descendants [root],0.02406338691711426,Time (s)
132,8659,postgresql,treebeard NS,Get descendants count [leaf],5.793571472167969e-07,Time (s)
133,8659,postgresql,treebeard NS,Get previous sibling [root],0.0021104001998901367,Time (s)
134,8659,postgresql,treebeard NS,Get siblings [leaf],0.005610902309417725,Time (s)
135,8659,postgresql,treebeard NS,Get ancestors [leaf],0.030410134792327882,Time (s)
136,8659,postgresql,treebeard NS,Get children count [root],0.002929196357727051,Time (s)
137,8659,postgresql,treebeard NS,Get descendants [branch],0.025085077285766602,Time (s)
138,8659,postgresql,treebeard NS,Get children [leaf],0.00048677921295166017,Time (s)
139,8659,postgresql,treebeard NS,Get next sibling [branch],0.001962707042694092,Time (s)
140,18739,postgresql,treebeard NS,Create all objects,1101.6657629013062,Time (s)
141,18739,postgresql,treebeard NS,Get previous sibling [leaf],0.005783355236053467,Time (s)
142,18739,postgresql,treebeard NS,Get children [branch],0.0036258149147033692,Time (s)
143,18739,postgresql,treebeard NS,Get descendants count [root],1.0538101196289062e-06,Time (s)
144,18739,postgresql,treebeard NS,Get ancestors [branch],0.00042615413665771486,Time (s)
145,18739,postgresql,treebeard NS,Get next sibling [leaf],0.005603952407836914,Time (s)
146,18739,postgresql,treebeard NS,Get previous sibling [branch],0.0018970894813537598,Time (s)
147,18739,postgresql,treebeard NS,Get siblings [branch],0.0020384883880615236,Time (s)
148,18739,postgresql,treebeard NS,Get children [root],0.003285984992980957,Time (s)
149,18739,postgresql,treebeard NS,Get descendants count [branch],1.0919570922851563e-06,Time (s)
150,18739,postgresql,treebeard NS,Get children count [leaf],0.00045463323593139646,Time (s)
151,18739,postgresql,treebeard NS,Get siblings [root],0.00207813024520874,Time (s)
152,18739,postgresql,treebeard NS,Table disk usage (including indexes),136888320.0,Disk usage (bytes)
153,18739,postgresql,treebeard NS,Get ancestors [root],0.00042965412139892576,Time (s)
154,18739,postgresql,treebeard NS,Get next sibling [root],0.0017439436912536621,Time (s)
155,18739,postgresql,treebeard NS,Get children count [branch],0.00292499303817749,Time (s)
156,18739,postgresql,treebeard NS,Get descendants [leaf],0.0004196810722351074,Time (s)
157,18739,postgresql,treebeard NS,Get descendants [root],0.045742170810699465,Time (s)
158,18739,postgresql,treebeard NS,Get descendants count [leaf],5.221366882324219e-07,Time (s)
159,18739,postgresql,treebeard NS,Get previous sibling [root],0.002077763080596924,Time (s)
160,18739,postgresql,treebeard NS,Get siblings [leaf],0.005833346843719483,Time (s)
161,18739,postgresql,treebeard NS,Get ancestors [leaf],0.04718398332595825,Time (s)
162,18739,postgresql,treebeard NS,Get children count [root],0.002762050628662109,Time (s)
163,18739,postgresql,treebeard NS,Get descendants [branch],0.0461639404296875,Time (s)
164,18739,postgresql,treebeard NS,Get children [leaf],0.0005170726776123047,Time (s)
165,18739,postgresql,treebeard NS,Get next sibling [branch],0.0018783140182495118,Time (s)
166,38899,postgresql,treebeard NS,Create all objects,5941.333990097046,Time (s)
167,38899,postgresql,treebeard NS,Get previous sibling [leaf],0.005880498886108398,Time (s)
168,38899,postgresql,treebeard NS,Get children [branch],0.0035661005973815917,Time (s)
169,38899,postgresql,treebeard NS,Get descendants count [root],1.18255615234375e-06,Time (s)
170,38899,postgresql,treebeard NS,Get ancestors [branch],0.00042026758193969727,Time (s)
171,38899,postgresql,treebeard NS,Get next sibling [leaf],0.005699717998504638,Time (s)
172,38899,postgresql,treebeard NS,Get previous sibling [branch],0.0019439411163330077,Time (s)
173,38899,postgresql,treebeard NS,Get siblings [branch],0.0019437170028686523,Time (s)
174,38899,postgresql,treebeard NS,Get children [root],0.003238215446472168,Time (s)
175,38899,postgresql,treebeard NS,Get descendants count [branch],1.02996826171875e-06,Time (s)
176,38899,postgresql,treebeard NS,Get children count [leaf],0.0004428267478942871,Time (s)
177,38899,postgresql,treebeard NS,Get siblings [root],0.0020408868789672852,Time (s)
178,38899,postgresql,treebeard NS,Table disk usage (including indexes),726638592.0,Disk usage (bytes)
179,38899,postgresql,treebeard NS,Get ancestors [root],0.0004288244247436523,Time (s)
180,38899,postgresql,treebeard NS,Get next sibling [root],0.0022255730628967284,Time (s)
181,38899,postgresql,treebeard NS,Get children count [branch],0.0028799796104431153,Time (s)
182,38899,postgresql,treebeard NS,Get descendants [leaf],0.000423741340637207,Time (s)
183,38899,postgresql,treebeard NS,Get descendants [root],0.08775939464569092,Time (s)
184,38899,postgresql,treebeard NS,Get descendants count [leaf],5.483627319335937e-07,Time (s)
185,38899,postgresql,treebeard NS,Get previous sibling [root],0.002260761260986328,Time (s)
186,38899,postgresql,treebeard NS,Get siblings [leaf],0.005584394931793213,Time (s)
187,38899,postgresql,treebeard NS,Get ancestors [leaf],0.2548162364959717,Time (s)
188,38899,postgresql,treebeard NS,Get children count [root],0.003123319149017334,Time (s)
189,38899,postgresql,treebeard NS,Get descendants [branch],0.08749536514282226,Time (s)
190,38899,postgresql,treebeard NS,Get children [leaf],0.0004879498481750488,Time (s)
191,38899,postgresql,treebeard NS,Get next sibling [branch],0.0019361329078674315,Time (s)
192,7,postgresql,MPTT,Create all objects,0.049979209899902344,Time (s)
193,7,postgresql,MPTT,Get descendants [root],0.0004894137382507324,Time (s)
194,7,postgresql,MPTT,Get descendants count [root],2.3531913757324217e-06,Time (s)
195,7,postgresql,MPTT,Get ancestors [root],0.0004738402366638184,Time (s)
196,7,postgresql,MPTT,Get next sibling [root],0.002448434829711914,Time (s)
197,7,postgresql,MPTT,Get siblings [leaf],0.0020156478881835937,Time (s)
198,7,postgresql,MPTT,Get siblings [root],0.0020770478248596192,Time (s)
199,7,postgresql,MPTT,Get children count [root],0.00031753301620483397,Time (s)
200,7,postgresql,MPTT,Table disk usage (including indexes),8192.0,Disk usage (bytes)
201,7,postgresql,MPTT,Get previous sibling [root],0.002512807846069336,Time (s)
202,7,postgresql,MPTT,Get ancestors [leaf],0.0004574108123779297,Time (s)
203,7,postgresql,MPTT,Get previous sibling [leaf],0.002356865406036377,Time (s)
204,7,postgresql,MPTT,Get descendants count [leaf],4.608631134033203e-06,Time (s)
205,7,postgresql,MPTT,Get descendants [leaf],0.0004648780822753906,Time (s)
206,7,postgresql,MPTT,Get children count [leaf],0.0002864837646484375,Time (s)
207,7,postgresql,MPTT,Get children [leaf],0.00043293237686157224,Time (s)
208,7,postgresql,MPTT,Get children [root],0.0004180788993835449,Time (s)
209,7,postgresql,MPTT,Get next sibling [leaf],0.00267420768737793,Time (s)
210,49,postgresql,MPTT,Create all objects,0.4113759994506836,Time (s)
211,49,postgresql,MPTT,Get descendants [root],0.0028151869773864746,Time (s)
212,49,postgresql,MPTT,Get descendants count [root],4.448890686035156e-06,Time (s)
213,49,postgresql,MPTT,Get ancestors [root],0.0004581880569458008,Time (s)
214,49,postgresql,MPTT,Get next sibling [root],0.002546560764312744,Time (s)
215,49,postgresql,MPTT,Get siblings [leaf],0.0023207664489746094,Time (s)
216,49,postgresql,MPTT,Get siblings [root],0.0020813727378845214,Time (s)
217,49,postgresql,MPTT,Get children count [root],0.0016238927841186524,Time (s)
218,49,postgresql,MPTT,Table disk usage (including indexes),8192.0,Disk usage (bytes)
219,49,postgresql,MPTT,Get previous sibling [root],0.002247629165649414,Time (s)
220,49,postgresql,MPTT,Get ancestors [leaf],0.0023019933700561524,Time (s)
221,49,postgresql,MPTT,Get previous sibling [leaf],0.0023607635498046876,Time (s)
222,49,postgresql,MPTT,Get descendants count [leaf],4.44650650024414e-06,Time (s)
223,49,postgresql,MPTT,Get descendants [leaf],0.0004186296463012695,Time (s)
224,49,postgresql,MPTT,Get children count [leaf],0.0002801132202148438,Time (s)
225,49,postgresql,MPTT,Get children [leaf],0.0004364323616027832,Time (s)
226,49,postgresql,MPTT,Get children [root],0.0025452589988708496,Time (s)
227,49,postgresql,MPTT,Get next sibling [leaf],0.0022936296463012696,Time (s)
228,259,postgresql,MPTT,Create all objects,2.2760915756225586,Time (s)
229,259,postgresql,MPTT,Get descendants [root],0.0038100552558898927,Time (s)
230,259,postgresql,MPTT,Get descendants count [root],4.2009353637695315e-06,Time (s)
231,259,postgresql,MPTT,Get children count [branch],0.0019240570068359375,Time (s)
232,259,postgresql,MPTT,Get children [branch],0.002182910442352295,Time (s)
233,259,postgresql,MPTT,Get ancestors [root],0.0004321074485778809,Time (s)
234,259,postgresql,MPTT,Get descendants count [branch],2.4008750915527344e-06,Time (s)
235,259,postgresql,MPTT,Get next sibling [root],0.0026476192474365235,Time (s)
236,259,postgresql,MPTT,Get siblings [leaf],0.002147839069366455,Time (s)
237,259,postgresql,MPTT,Get siblings [root],0.002285428047180176,Time (s)
238,259,postgresql,MPTT,Get children count [root],0.0016892004013061524,Time (s)
239,259,postgresql,MPTT,Table disk usage (including indexes),90112.0,Disk usage (bytes)
240,259,postgresql,MPTT,Get previous sibling [root],0.0025176453590393067,Time (s)
241,259,postgresql,MPTT,Get ancestors [leaf],0.0026881933212280274,Time (s)
242,259,postgresql,MPTT,Get next sibling [branch],0.00291745662689209,Time (s)
243,259,postgresql,MPTT,Get siblings [branch],0.002515203952789307,Time (s)
244,259,postgresql,MPTT,Get previous sibling [leaf],0.0024218297004699706,Time (s)
245,259,postgresql,MPTT,Get descendants count [leaf],4.470348358154297e-06,Time (s)
246,259,postgresql,MPTT,Get descendants [leaf],0.0004626870155334473,Time (s)
247,259,postgresql,MPTT,Get children count [leaf],0.00028436899185180664,Time (s)
248,259,postgresql,MPTT,Get children [leaf],0.00043728351593017576,Time (s)
249,259,postgresql,MPTT,Get previous sibling [branch],0.0025951337814331056,Time (s)
250,259,postgresql,MPTT,Get children [root],0.002561314105987549,Time (s)
251,259,postgresql,MPTT,Get ancestors [branch],0.0026476287841796873,Time (s)
252,259,postgresql,MPTT,Get descendants [branch],0.0029137325286865234,Time (s)
253,259,postgresql,MPTT,Get next sibling [leaf],0.002674365043640137,Time (s)
254,1099,postgresql,MPTT,Create all objects,13.423998594284058,Time (s)
255,1099,postgresql,MPTT,Get descendants [root],0.020304811000823975,Time (s)
256,1099,postgresql,MPTT,Get descendants count [root],6.091594696044922e-06,Time (s)
257,1099,postgresql,MPTT,Get children count [branch],0.001699395179748535,Time (s)
258,1099,postgresql,MPTT,Get children [branch],0.002192399501800537,Time (s)
259,1099,postgresql,MPTT,Get ancestors [root],0.0004573988914489746,Time (s)
260,1099,postgresql,MPTT,Get descendants count [branch],2.7298927307128905e-06,Time (s)
261,1099,postgresql,MPTT,Get next sibling [root],0.0033437442779541016,Time (s)
262,1099,postgresql,MPTT,Get siblings [leaf],0.0024577283859252928,Time (s)
263,1099,postgresql,MPTT,Get siblings [root],0.0030729842185974123,Time (s)
264,1099,postgresql,MPTT,Get children count [root],0.002262921333312988,Time (s)
265,1099,postgresql,MPTT,Table disk usage (including indexes),1351680.0,Disk usage (bytes)
266,1099,postgresql,MPTT,Get previous sibling [root],0.002906970977783203,Time (s)
267,1099,postgresql,MPTT,Get ancestors [leaf],0.0035530424118041994,Time (s)
268,1099,postgresql,MPTT,Get next sibling [branch],0.002527525424957275,Time (s)
269,1099,postgresql,MPTT,Get siblings [branch],0.0022954154014587403,Time (s)
270,1099,postgresql,MPTT,Get previous sibling [leaf],0.002661433219909668,Time (s)
271,1099,postgresql,MPTT,Get descendants count [leaf],9.5367431640625e-06,Time (s)
272,1099,postgresql,MPTT,Get descendants [leaf],0.0004641604423522949,Time (s)
273,1099,postgresql,MPTT,Get children count [leaf],0.0002858924865722656,Time (s)
274,1099,postgresql,MPTT,Get children [leaf],0.00042194128036499023,Time (s)
275,1099,postgresql,MPTT,Get previous sibling [branch],0.0024268364906311034,Time (s)
276,1099,postgresql,MPTT,Get children [root],0.002519688606262207,Time (s)
277,1099,postgresql,MPTT,Get ancestors [branch],0.002745072841644287,Time (s)
278,1099,postgresql,MPTT,Get descendants [branch],0.004530336856842041,Time (s)
279,1099,postgresql,MPTT,Get next sibling [leaf],0.0023934364318847655,Time (s)
280,3619,postgresql,MPTT,Create all objects,80.3434956073761,Time (s)
281,3619,postgresql,MPTT,Get descendants [root],0.023887338638305663,Time (s)
282,3619,postgresql,MPTT,Get descendants count [root],2.422332763671875e-06,Time (s)
283,3619,postgresql,MPTT,Get children count [branch],0.0019569301605224607,Time (s)
284,3619,postgresql,MPTT,Get children [branch],0.0024010372161865235,Time (s)
285,3619,postgresql,MPTT,Get ancestors [root],0.00047852993011474607,Time (s)
286,3619,postgresql,MPTT,Get descendants count [branch],2.341270446777344e-06,Time (s)
287,3619,postgresql,MPTT,Get next sibling [root],0.002787735462188721,Time (s)
288,3619,postgresql,MPTT,Get siblings [leaf],0.0023804855346679686,Time (s)
289,3619,postgresql,MPTT,Get siblings [root],0.0023634958267211913,Time (s)
290,3619,postgresql,MPTT,Get children count [root],0.001679985523223877,Time (s)
291,3619,postgresql,MPTT,Table disk usage (including indexes),14114816.0,Disk usage (bytes)
292,3619,postgresql,MPTT,Get previous sibling [root],0.002425339221954346,Time (s)
293,3619,postgresql,MPTT,Get ancestors [leaf],0.0030467844009399413,Time (s)
294,3619,postgresql,MPTT,Get next sibling [branch],0.002447836399078369,Time (s)
295,3619,postgresql,MPTT,Get siblings [branch],0.0024012184143066407,Time (s)
296,3619,postgresql,MPTT,Get previous sibling [leaf],0.0026933789253234864,Time (s)
297,3619,postgresql,MPTT,Get descendants count [leaf],4.587173461914062e-06,Time (s)
298,3619,postgresql,MPTT,Get descendants [leaf],0.00046169519424438477,Time (s)
299,3619,postgresql,MPTT,Get children count [leaf],0.0002924346923828125,Time (s)
300,3619,postgresql,MPTT,Get children [leaf],0.00043756723403930663,Time (s)
301,3619,postgresql,MPTT,Get previous sibling [branch],0.0021094584465026853,Time (s)
302,3619,postgresql,MPTT,Get children [root],0.0026188421249389647,Time (s)
303,3619,postgresql,MPTT,Get ancestors [branch],0.0026694393157958986,Time (s)
304,3619,postgresql,MPTT,Get descendants [branch],0.011102454662322998,Time (s)
305,3619,postgresql,MPTT,Get next sibling [leaf],0.0025736141204833985,Time (s)
306,8659,postgresql,MPTT,Create all objects,290.69115114212036,Time (s)
307,8659,postgresql,MPTT,Get descendants [root],0.04860416412353516,Time (s)
308,8659,postgresql,MPTT,Get descendants count [root],3.3307075500488283e-06,Time (s)
309,8659,postgresql,MPTT,Get children count [branch],0.0019012165069580078,Time (s)
310,8659,postgresql,MPTT,Get children [branch],0.0024085950851440428,Time (s)
311,8659,postgresql,MPTT,Get ancestors [root],0.0004637503623962402,Time (s)
312,8659,postgresql,MPTT,Get descendants count [branch],2.6750564575195314e-06,Time (s)
313,8659,postgresql,MPTT,Get next sibling [root],0.0028664779663085936,Time (s)
314,8659,postgresql,MPTT,Get siblings [leaf],0.002100791931152344,Time (s)
315,8659,postgresql,MPTT,Get siblings [root],0.0022899508476257324,Time (s)
316,8659,postgresql,MPTT,Get children count [root],0.0016062474250793457,Time (s)
317,8659,postgresql,MPTT,Table disk usage (including indexes),80560128.0,Disk usage (bytes)
318,8659,postgresql,MPTT,Get previous sibling [root],0.0024912095069885253,Time (s)
319,8659,postgresql,MPTT,Get ancestors [leaf],0.0049252486228942875,Time (s)
320,8659,postgresql,MPTT,Get next sibling [branch],0.002861921787261963,Time (s)
321,8659,postgresql,MPTT,Get siblings [branch],0.0025358033180236817,Time (s)
322,8659,postgresql,MPTT,Get previous sibling [leaf],0.0022557854652404787,Time (s)
323,8659,postgresql,MPTT,Get descendants count [leaf],4.117488861083984e-06,Time (s)
324,8659,postgresql,MPTT,Get descendants [leaf],0.00044050216674804685,Time (s)
325,8659,postgresql,MPTT,Get children count [leaf],0.00028894424438476564,Time (s)
326,8659,postgresql,MPTT,Get children [leaf],0.00042955636978149415,Time (s)
327,8659,postgresql,MPTT,Get previous sibling [branch],0.0021626067161560057,Time (s)
328,8659,postgresql,MPTT,Get children [root],0.0022489452362060547,Time (s)
329,8659,postgresql,MPTT,Get ancestors [branch],0.00231473445892334,Time (s)
330,8659,postgresql,MPTT,Get descendants [branch],0.03685157060623169,Time (s)
331,8659,postgresql,MPTT,Get next sibling [leaf],0.002687201499938965,Time (s)
332,18739,postgresql,MPTT,Create all objects,1425.0070838928223,Time (s)
333,18739,postgresql,MPTT,Get descendants [root],0.11873088359832763,Time (s)
334,18739,postgresql,MPTT,Get descendants count [root],2.5892257690429686e-06,Time (s)
335,18739,postgresql,MPTT,Get children count [branch],0.0018439793586730957,Time (s)
336,18739,postgresql,MPTT,Get children [branch],0.002400820255279541,Time (s)
337,18739,postgresql,MPTT,Get ancestors [root],0.00047211408615112306,Time (s)
338,18739,postgresql,MPTT,Get descendants count [branch],6.2155723571777344e-06,Time (s)
339,18739,postgresql,MPTT,Get next sibling [root],0.0028870344161987306,Time (s)
340,18739,postgresql,MPTT,Get siblings [leaf],0.0020854640007019042,Time (s)
341,18739,postgresql,MPTT,Get siblings [root],0.0027054619789123537,Time (s)
342,18739,postgresql,MPTT,Get children count [root],0.0016777563095092774,Time (s)
343,18739,postgresql,MPTT,Table disk usage (including indexes),421928960.0,Disk usage (bytes)
344,18739,postgresql,MPTT,Get previous sibling [root],0.0029343128204345702,Time (s)
345,18739,postgresql,MPTT,Get ancestors [leaf],0.012073302268981933,Time (s)
346,18739,postgresql,MPTT,Get next sibling [branch],0.0029189538955688476,Time (s)
347,18739,postgresql,MPTT,Get siblings [branch],0.002707343101501465,Time (s)
348,18739,postgresql,MPTT,Get previous sibling [leaf],0.0025195765495300295,Time (s)
349,18739,postgresql,MPTT,Get descendants count [leaf],4.138946533203125e-06,Time (s)
350,18739,postgresql,MPTT,Get descendants [leaf],0.00047307729721069336,Time (s)
351,18739,postgresql,MPTT,Get children count [leaf],0.00029027938842773437,Time (s)
352,18739,postgresql,MPTT,Get children [leaf],0.0004311418533325195,Time (s)
353,18739,postgresql,MPTT,Get previous sibling [branch],0.002533981800079346,Time (s)
354,18739,postgresql,MPTT,Get children [root],0.0024198246002197265,Time (s)
355,18739,postgresql,MPTT,Get ancestors [branch],0.002261979579925537,Time (s)
356,18739,postgresql,MPTT,Get descendants [branch],0.14737614154815673,Time (s)
357,18739,postgresql,MPTT,Get next sibling [leaf],0.0025445866584777833,Time (s)
358,38899,postgresql,MPTT,Create all objects,9919.37978219986,Time (s)
359,38899,postgresql,MPTT,Get descendants [root],0.14845303058624268,Time (s)
360,38899,postgresql,MPTT,Get descendants count [root],2.460479736328125e-06,Time (s)
361,38899,postgresql,MPTT,Get children count [branch],0.0017384052276611327,Time (s)
362,38899,postgresql,MPTT,Get children [branch],0.002598230838775635,Time (s)
363,38899,postgresql,MPTT,Get ancestors [root],0.0004802632331848144,Time (s)
364,38899,postgresql,MPTT,Get descendants count [branch],5.640983581542969e-06,Time (s)
365,38899,postgresql,MPTT,Get next sibling [root],0.0027968716621398926,Time (s)
366,38899,postgresql,MPTT,Get siblings [leaf],0.0020352458953857423,Time (s)
367,38899,postgresql,MPTT,Get siblings [root],0.002369256019592285,Time (s)
368,38899,postgresql,MPTT,Get children count [root],0.0015396690368652344,Time (s)
369,38899,postgresql,MPTT,Table disk usage (including indexes),1184481280.0,Disk usage (bytes)
370,38899,postgresql,MPTT,Get previous sibling [root],0.0026317501068115236,Time (s)
371,38899,postgresql,MPTT,Get ancestors [leaf],0.4612886381149292,Time (s)
372,38899,postgresql,MPTT,Get next sibling [branch],0.0030594539642333986,Time (s)
373,38899,postgresql,MPTT,Get siblings [branch],0.0026005244255065917,Time (s)
374,38899,postgresql,MPTT,Get previous sibling [leaf],0.002380180358886719,Time (s)
375,38899,postgresql,MPTT,Get descendants count [leaf],5.059242248535156e-06,Time (s)
376,38899,postgresql,MPTT,Get descendants [leaf],0.000499567985534668,Time (s)
377,38899,postgresql,MPTT,Get children count [leaf],0.0003004145622253418,Time (s)
378,38899,postgresql,MPTT,Get children [leaf],0.0004551219940185547,Time (s)
379,38899,postgresql,MPTT,Get previous sibling [branch],0.0025727653503417967,Time (s)
380,38899,postgresql,MPTT,Get children [root],0.0022984981536865235,Time (s)
381,38899,postgresql,MPTT,Get ancestors [branch],0.0025268101692199705,Time (s)
382,38899,postgresql,MPTT,Get descendants [branch],0.036616129875183104,Time (s)
383,38899,postgresql,MPTT,Get next sibling [leaf],0.0025864362716674803,Time (s)
384,7,postgresql,treebeard AL,Create all objects,0.008293867111206055,Time (s)
385,7,postgresql,treebeard AL,Get previous sibling [root],0.001854705810546875,Time (s)
386,7,postgresql,treebeard AL,Get children count [root],0.0014741015434265137,Time (s)
387,7,postgresql,treebeard AL,Get ancestors [root],2.899169921875e-06,Time (s)
388,7,postgresql,treebeard AL,Get descendants [leaf],0.0018113970756530762,Time (s)
389,7,postgresql,treebeard AL,Get siblings [leaf],0.0019592881202697755,Time (s)
390,7,postgresql,treebeard AL,Get siblings [root],0.001982917785644531,Time (s)
391,7,postgresql,treebeard AL,Get previous sibling [leaf],0.0016726136207580566,Time (s)
392,7,postgresql,treebeard AL,Get next sibling [leaf],0.0017460989952087403,Time (s)
393,7,postgresql,treebeard AL,Get children [root],0.0016952896118164063,Time (s)
394,7,postgresql,treebeard AL,Get next sibling [root],0.0016620683670043946,Time (s)
395,7,postgresql,treebeard AL,Get ancestors [leaf],2.4771690368652345e-06,Time (s)
396,7,postgresql,treebeard AL,Get descendants [root],0.001974010467529297,Time (s)
397,7,postgresql,treebeard AL,Get descendants count [root],0.0021384048461914064,Time (s)
398,7,postgresql,treebeard AL,Table disk usage (including indexes),8192.0,Disk usage (bytes)
399,7,postgresql,treebeard AL,Get children [leaf],0.0018984699249267579,Time (s)
400,7,postgresql,treebeard AL,Get children count [leaf],0.0015213537216186524,Time (s)
401,7,postgresql,treebeard AL,Get descendants count [leaf],0.0017833900451660156,Time (s)
402,49,postgresql,treebeard AL,Create all objects,0.02226090431213379,Time (s)
403,49,postgresql,treebeard AL,Get previous sibling [root],0.0016893672943115235,Time (s)
404,49,postgresql,treebeard AL,Get children count [root],0.001497805118560791,Time (s)
405,49,postgresql,treebeard AL,Get ancestors [root],2.651214599609375e-06,Time (s)
406,49,postgresql,treebeard AL,Get descendants [leaf],0.001999549865722656,Time (s)
407,49,postgresql,treebeard AL,Get siblings [leaf],0.00219104528427124,Time (s)
408,49,postgresql,treebeard AL,Get siblings [root],0.0019951319694519044,Time (s)
409,49,postgresql,treebeard AL,Get previous sibling [leaf],0.002203803062438965,Time (s)
410,49,postgresql,treebeard AL,Get next sibling [leaf],0.002070624828338623,Time (s)
411,49,postgresql,treebeard AL,Get children [root],0.0018755006790161133,Time (s)
412,49,postgresql,treebeard AL,Get next sibling [root],0.0018465018272399902,Time (s)
413,49,postgresql,treebeard AL,Get ancestors [leaf],1.6007423400878906e-05,Time (s)
414,49,postgresql,treebeard AL,Get descendants [root],0.008962361812591553,Time (s)
415,49,postgresql,treebeard AL,Get descendants count [root],0.008237180709838867,Time (s)
416,49,postgresql,treebeard AL,Table disk usage (including indexes),8192.0,Disk usage (bytes)
417,49,postgresql,treebeard AL,Get children [leaf],0.0015370512008666991,Time (s)
418,49,postgresql,treebeard AL,Get children count [leaf],0.0011968302726745605,Time (s)
419,49,postgresql,treebeard AL,Get descendants count [leaf],0.0012033438682556151,Time (s)
420,259,postgresql,treebeard AL,Create all objects,0.04440021514892578,Time (s)
421,259,postgresql,treebeard AL,Get previous sibling [root],0.0010928964614868163,Time (s)
422,259,postgresql,treebeard AL,Get children count [root],0.0007874846458435058,Time (s)
423,259,postgresql,treebeard AL,Get descendants count [branch],0.007661569118499756,Time (s)
424,259,postgresql,treebeard AL,Get ancestors [root],2.5892257690429686e-06,Time (s)
425,259,postgresql,treebeard AL,Get descendants [leaf],0.002038772106170654,Time (s)
426,259,postgresql,treebeard AL,Get siblings [leaf],0.002118964195251465,Time (s)
427,259,postgresql,treebeard AL,Get siblings [root],0.001646254062652588,Time (s)
428,259,postgresql,treebeard AL,Get previous sibling [leaf],0.001966557502746582,Time (s)
429,259,postgresql,treebeard AL,Get descendants [branch],0.01082939624786377,Time (s)
430,259,postgresql,treebeard AL,Get next sibling [leaf],0.001996495723724365,Time (s)
431,259,postgresql,treebeard AL,Get previous sibling [branch],0.0019103837013244628,Time (s)
432,259,postgresql,treebeard AL,Get children [root],0.0021879220008850096,Time (s)
433,259,postgresql,treebeard AL,Get next sibling [root],0.0019324803352355957,Time (s)
434,259,postgresql,treebeard AL,Get next sibling [branch],0.0021041584014892577,Time (s)
435,259,postgresql,treebeard AL,Get ancestors [leaf],3.474235534667969e-05,Time (s)
436,259,postgresql,treebeard AL,Get descendants [root],0.0668614411354065,Time (s)
437,259,postgresql,treebeard AL,Get descendants count [root],0.0657297921180725,Time (s)
438,259,postgresql,treebeard AL,Table disk usage (including indexes),16384.0,Disk usage (bytes)
439,259,postgresql,treebeard AL,Get children count [branch],0.0015924763679504394,Time (s)
440,259,postgresql,treebeard AL,Get children [leaf],0.0018706774711608886,Time (s)
441,259,postgresql,treebeard AL,Get siblings [branch],0.002130424976348877,Time (s)
442,259,postgresql,treebeard AL,Get children [branch],0.002285425662994385,Time (s)
443,259,postgresql,treebeard AL,Get children count [leaf],0.0016287302970886231,Time (s)
444,259,postgresql,treebeard AL,Get descendants count [leaf],0.001821291446685791,Time (s)
445,259,postgresql,treebeard AL,Get ancestors [branch],1.792430877685547e-05,Time (s)
446,1099,postgresql,treebeard AL,Create all objects,0.17196202278137207,Time (s)
447,1099,postgresql,treebeard AL,Get previous sibling [root],0.0018482017517089844,Time (s)
448,1099,postgresql,treebeard AL,Get children count [root],0.0015943074226379395,Time (s)
449,1099,postgresql,treebeard AL,Get descendants count [branch],0.04790587425231933,Time (s)
450,1099,postgresql,treebeard AL,Get ancestors [root],2.6702880859375e-06,Time (s)
451,1099,postgresql,treebeard AL,Get descendants [leaf],0.0017924261093139647,Time (s)
452,1099,postgresql,treebeard AL,Get siblings [leaf],0.00206113338470459,Time (s)
453,1099,postgresql,treebeard AL,Get siblings [root],0.0019137024879455566,Time (s)
454,1099,postgresql,treebeard AL,Get previous sibling [leaf],0.0020240020751953127,Time (s)
455,1099,postgresql,treebeard AL,Get descendants [branch],0.049184136390686035,Time (s)
456,1099,postgresql,treebeard AL,Get next sibling [leaf],0.0022270965576171877,Time (s)
457,1099,postgresql,treebeard AL,Get previous sibling [branch],0.0019329142570495604,Time (s)
458,1099,postgresql,treebeard AL,Get children [root],0.0019032669067382813,Time (s)
459,1099,postgresql,treebeard AL,Get next sibling [root],0.0017552876472473145,Time (s)
460,1099,postgresql,treebeard AL,Get next sibling [branch],0.0023154497146606447,Time (s)
461,1099,postgresql,treebeard AL,Get ancestors [leaf],5.225181579589844e-05,Time (s)
462,1099,postgresql,treebeard AL,Get descendants [root],0.2753300738334656,Time (s)
463,1099,postgresql,treebeard AL,Get descendants count [root],0.2832571744918823,Time (s)
464,1099,postgresql,treebeard AL,Table disk usage (including indexes),49152.0,Disk usage (bytes)
465,1099,postgresql,treebeard AL,Get children count [branch],0.0017861652374267579,Time (s)
466,1099,postgresql,treebeard AL,Get children [leaf],0.001814558506011963,Time (s)
467,1099,postgresql,treebeard AL,Get siblings [branch],0.0020290613174438477,Time (s)
468,1099,postgresql,treebeard AL,Get children [branch],0.0018778300285339355,Time (s)
469,1099,postgresql,treebeard AL,Get children count [leaf],0.0014724254608154297,Time (s)
470,1099,postgresql,treebeard AL,Get descendants count [leaf],0.001761941909790039,Time (s)
471,1099,postgresql,treebeard AL,Get ancestors [branch],1.9843578338623048e-05,Time (s)
472,3619,postgresql,treebeard AL,Create all objects,0.4613630771636963,Time (s)
473,3619,postgresql,treebeard AL,Get previous sibling [root],0.0020141863822937013,Time (s)
474,3619,postgresql,treebeard AL,Get children count [root],0.001620786190032959,Time (s)
475,3619,postgresql,treebeard AL,Get descendants count [branch],0.15227577924728394,Time (s)
476,3619,postgresql,treebeard AL,Get ancestors [root],1.666545867919922e-06,Time (s)
477,3619,postgresql,treebeard AL,Get descendants [leaf],0.0010062289237976075,Time (s)
478,3619,postgresql,treebeard AL,Get siblings [leaf],0.001028730869293213,Time (s)
479,3619,postgresql,treebeard AL,Get siblings [root],0.0009342670440673828,Time (s)
480,3619,postgresql,treebeard AL,Get previous sibling [leaf],0.001321871280670166,Time (s)
481,3619,postgresql,treebeard AL,Get descendants [branch],0.11726526260375976,Time (s)
482,3619,postgresql,treebeard AL,Get next sibling [leaf],0.0017213034629821778,Time (s)
483,3619,postgresql,treebeard AL,Get previous sibling [branch],0.0015717577934265137,Time (s)
484,3619,postgresql,treebeard AL,Get children [root],0.001618785858154297,Time (s)
485,3619,postgresql,treebeard AL,Get next sibling [root],0.001498279571533203,Time (s)
486,3619,postgresql,treebeard AL,Get next sibling [branch],0.001884145736694336,Time (s)
487,3619,postgresql,treebeard AL,Get ancestors [leaf],7.386684417724609e-05,Time (s)
488,3619,postgresql,treebeard AL,Get descendants [root],0.9432534718513489,Time (s)
489,3619,postgresql,treebeard AL,Get descendants count [root],0.9055846738815307,Time (s)
490,3619,postgresql,treebeard AL,Table disk usage (including indexes),163840.0,Disk usage (bytes)
491,3619,postgresql,treebeard AL,Get children count [branch],0.0015129184722900391,Time (s)
492,3619,postgresql,treebeard AL,Get children [leaf],0.0019160819053649903,Time (s)
493,3619,postgresql,treebeard AL,Get siblings [branch],0.001926097869873047,Time (s)
494,3619,postgresql,treebeard AL,Get children [branch],0.0018899106979370116,Time (s)
495,3619,postgresql,treebeard AL,Get children count [leaf],0.0014346837997436523,Time (s)
496,3619,postgresql,treebeard AL,Get descendants count [leaf],0.0018427777290344238,Time (s)
497,3619,postgresql,treebeard AL,Get ancestors [branch],2.088308334350586e-05,Time (s)
498,8659,postgresql,treebeard AL,Create all objects,1.0226409435272217,Time (s)
499,8659,postgresql,treebeard AL,Get previous sibling [root],0.002023463249206543,Time (s)
500,8659,postgresql,treebeard AL,Get children count [root],0.001437528133392334,Time (s)
501,8659,postgresql,treebeard AL,Get descendants count [branch],0.3750642848014831,Time (s)
502,8659,postgresql,treebeard AL,Get ancestors [root],3.314018249511719e-06,Time (s)
503,8659,postgresql,treebeard AL,Get descendants [leaf],0.0019094562530517578,Time (s)
504,8659,postgresql,treebeard AL,Get siblings [leaf],0.0019768834114074706,Time (s)
505,8659,postgresql,treebeard AL,Get siblings [root],0.001999847888946533,Time (s)
506,8659,postgresql,treebeard AL,Get previous sibling [leaf],0.0018914413452148437,Time (s)
507,8659,postgresql,treebeard AL,Get descendants [branch],0.38303550481796267,Time (s)
508,8659,postgresql,treebeard AL,Get next sibling [leaf],0.0020943808555603026,Time (s)
509,8659,postgresql,treebeard AL,Get previous sibling [branch],0.0019267725944519044,Time (s)
510,8659,postgresql,treebeard AL,Get children [root],0.0018663883209228515,Time (s)
511,8659,postgresql,treebeard AL,Get next sibling [root],0.0018469071388244628,Time (s)
512,8659,postgresql,treebeard AL,Get next sibling [branch],0.0019756412506103517,Time (s)
513,8659,postgresql,treebeard AL,Get ancestors [leaf],8.037090301513672e-05,Time (s)
514,8659,postgresql,treebeard AL,Get descendants [root],2.3044162440299987,Time (s)
515,8659,postgresql,treebeard AL,Get descendants count [root],2.2732054114341738,Time (s)
516,8659,postgresql,treebeard AL,Table disk usage (including indexes),385024.0,Disk usage (bytes)
517,8659,postgresql,treebeard AL,Get children count [branch],0.0013646602630615235,Time (s)
518,8659,postgresql,treebeard AL,Get children [leaf],0.001821308135986328,Time (s)
519,8659,postgresql,treebeard AL,Get siblings [branch],0.0019459033012390137,Time (s)
520,8659,postgresql,treebeard AL,Get children [branch],0.0024321317672729493,Time (s)
521,8659,postgresql,treebeard AL,Get children count [leaf],0.0014749288558959961,Time (s)
522,8659,postgresql,treebeard AL,Get descendants count [leaf],0.0019246339797973633,Time (s)
523,8659,postgresql,treebeard AL,Get ancestors [branch],2.375364303588867e-05,Time (s)
524,18739,postgresql,treebeard AL,Create all objects,2.1949164867401123,Time (s)
525,18739,postgresql,treebeard AL,Get previous sibling [root],0.0018687725067138671,Time (s)
526,18739,postgresql,treebeard AL,Get children count [root],0.001687777042388916,Time (s)
527,18739,postgresql,treebeard AL,Get descendants count [branch],0.8468619847297668,Time (s)
528,18739,postgresql,treebeard AL,Get ancestors [root],2.5153160095214845e-06,Time (s)
529,18739,postgresql,treebeard AL,Get descendants [leaf],0.0018784022331237793,Time (s)
530,18739,postgresql,treebeard AL,Get siblings [leaf],0.0022924184799194337,Time (s)
531,18739,postgresql,treebeard AL,Get siblings [root],0.0019237446784973146,Time (s)
532,18739,postgresql,treebeard AL,Get previous sibling [leaf],0.0018801355361938476,Time (s)
533,18739,postgresql,treebeard AL,Get descendants [branch],0.8561957883834839,Time (s)
534,18739,postgresql,treebeard AL,Get next sibling [leaf],0.0018633437156677247,Time (s)
535,18739,postgresql,treebeard AL,Get previous sibling [branch],0.002104206085205078,Time (s)
536,18739,postgresql,treebeard AL,Get children [root],0.002129991054534912,Time (s)
537,18739,postgresql,treebeard AL,Get next sibling [root],0.0019043350219726562,Time (s)
538,18739,postgresql,treebeard AL,Get next sibling [branch],0.002071366310119629,Time (s)
539,18739,postgresql,treebeard AL,Get ancestors [leaf],0.00012407541275024413,Time (s)
540,18739,postgresql,treebeard AL,Get descendants [root],4.995393958091736,Time (s)
541,18739,postgresql,treebeard AL,Get descendants count [root],5.004788444042206,Time (s)
542,18739,postgresql,treebeard AL,Table disk usage (including indexes),835584.0,Disk usage (bytes)
543,18739,postgresql,treebeard AL,Get children count [branch],0.001470363140106201,Time (s)
544,18739,postgresql,treebeard AL,Get children [leaf],0.0017771363258361817,Time (s)
545,18739,postgresql,treebeard AL,Get siblings [branch],0.0020317697525024415,Time (s)
546,18739,postgresql,treebeard AL,Get children [branch],0.002048342227935791,Time (s)
547,18739,postgresql,treebeard AL,Get children count [leaf],0.0014436650276184082,Time (s)
548,18739,postgresql,treebeard AL,Get descendants count [leaf],0.0017896485328674316,Time (s)
549,18739,postgresql,treebeard AL,Get ancestors [branch],2.0084381103515624e-05,Time (s)
550,38899,postgresql,treebeard AL,Create all objects,4.520273685455322,Time (s)
551,38899,postgresql,treebeard AL,Get previous sibling [root],0.0020217037200927733,Time (s)
552,38899,postgresql,treebeard AL,Get children count [root],0.0014810466766357422,Time (s)
553,38899,postgresql,treebeard AL,Get descendants count [branch],1.726284441947937,Time (s)
554,38899,postgresql,treebeard AL,Get ancestors [root],2.5320053100585936e-06,Time (s)
555,38899,postgresql,treebeard AL,Get descendants [leaf],0.0018625664710998535,Time (s)
556,38899,postgresql,treebeard AL,Get siblings [leaf],0.0018581271171569825,Time (s)
557,38899,postgresql,treebeard AL,Get siblings [root],0.0016645407676696778,Time (s)
558,38899,postgresql,treebeard AL,Get previous sibling [leaf],0.0018579936027526855,Time (s)
559,38899,postgresql,treebeard AL,Get descendants [branch],1.744759237766266,Time (s)
560,38899,postgresql,treebeard AL,Get next sibling [leaf],0.0018723630905151368,Time (s)
561,38899,postgresql,treebeard AL,Get previous sibling [branch],0.001968193054199219,Time (s)
562,38899,postgresql,treebeard AL,Get children [root],0.0018692612648010254,Time (s)
563,38899,postgresql,treebeard AL,Get next sibling [root],0.0017102646827697754,Time (s)
564,38899,postgresql,treebeard AL,Get next sibling [branch],0.0021797847747802735,Time (s)
565,38899,postgresql,treebeard AL,Get ancestors [leaf],0.00011356592178344726,Time (s)
566,38899,postgresql,treebeard AL,Get descendants [root],10.308417136669158,Time (s)
567,38899,postgresql,treebeard AL,Get descendants count [root],10.244271092414856,Time (s)
568,38899,postgresql,treebeard AL,Table disk usage (including indexes),1728512.0,Disk usage (bytes)
569,38899,postgresql,treebeard AL,Get children count [branch],0.0016776657104492188,Time (s)
570,38899,postgresql,treebeard AL,Get children [leaf],0.0020224905014038087,Time (s)
571,38899,postgresql,treebeard AL,Get siblings [branch],0.0020493674278259278,Time (s)
572,38899,postgresql,treebeard AL,Get children [branch],0.00220714807510376,Time (s)
573,38899,postgresql,treebeard AL,Get children count [leaf],0.0016475677490234374,Time (s)
574,38899,postgresql,treebeard AL,Get descendants count [leaf],0.002212929725646973,Time (s)
575,38899,postgresql,treebeard AL,Get ancestors [branch],3.650665283203125e-05,Time (s)
576,7,postgresql,tree,Create all objects,0.03931117057800293,Time (s)
577,7,postgresql,tree,Get children count [leaf],0.0014482927322387695,Time (s)
578,7,postgresql,tree,Get children count [root],0.0014011836051940917,Time (s)
579,7,postgresql,tree,Get children [root],0.0011557936668395996,Time (s)
580,7,postgresql,tree,Get ancestors [leaf],0.00024322032928466797,Time (s)
581,7,postgresql,tree,Get previous sibling [root],0.002462921142578125,Time (s)
582,7,postgresql,tree,Get previous sibling [leaf],0.0020554590225219725,Time (s)
583,7,postgresql,tree,Get descendants count [leaf],0.0005654835700988769,Time (s)
584,7,postgresql,tree,Get next sibling [leaf],0.001837935447692871,Time (s)
585,7,postgresql,tree,Get children [leaf],0.00112898588180542,Time (s)
586,7,postgresql,tree,Get descendants [root],0.0005163383483886718,Time (s)
587,7,postgresql,tree,Get next sibling [root],0.002101142406463623,Time (s)
588,7,postgresql,tree,Get descendants count [root],0.0015002131462097169,Time (s)
589,7,postgresql,tree,Get siblings [leaf],0.0017513203620910644,Time (s)
590,7,postgresql,tree,Table disk usage (including indexes),8192.0,Disk usage (bytes)
591,7,postgresql,tree,Get ancestors [root],0.00024279117584228516,Time (s)
592,7,postgresql,tree,Get siblings [root],0.0015129637718200683,Time (s)
593,7,postgresql,tree,Get descendants [leaf],0.0015560770034790039,Time (s)
594,49,postgresql,tree,Create all objects,0.10520100593566895,Time (s)
595,49,postgresql,tree,Get children count [leaf],0.0011616826057434082,Time (s)
596,49,postgresql,tree,Get children count [root],0.0012475419044494628,Time (s)
597,49,postgresql,tree,Get children [root],0.0014666080474853515,Time (s)
598,49,postgresql,tree,Get ancestors [leaf],0.0013727831840515136,Time (s)
599,49,postgresql,tree,Get previous sibling [root],0.0024584317207336425,Time (s)
600,49,postgresql,tree,Get previous sibling [leaf],0.002462940216064453,Time (s)
601,49,postgresql,tree,Get descendants count [leaf],0.0014386558532714843,Time (s)
602,49,postgresql,tree,Get next sibling [leaf],0.0023479056358337402,Time (s)
603,49,postgresql,tree,Get children [leaf],0.0012923049926757812,Time (s)
604,49,postgresql,tree,Get descendants [root],0.0016394877433776856,Time (s)
605,49,postgresql,tree,Get next sibling [root],0.002487788200378418,Time (s)
606,49,postgresql,tree,Get descendants count [root],0.0013078546524047851,Time (s)
607,49,postgresql,tree,Get siblings [leaf],0.0015957784652709962,Time (s)
608,49,postgresql,tree,Table disk usage (including indexes),8192.0,Disk usage (bytes)
609,49,postgresql,tree,Get ancestors [root],0.00026519298553466796,Time (s)
610,49,postgresql,tree,Get siblings [root],0.0016337871551513673,Time (s)
611,49,postgresql,tree,Get descendants [leaf],0.0011810564994812012,Time (s)
612,259,postgresql,tree,Create all objects,0.3608241081237793,Time (s)
613,259,postgresql,tree,Get siblings [branch],0.001645524501800537,Time (s)
614,259,postgresql,tree,Get children count [leaf],0.0013316035270690917,Time (s)
615,259,postgresql,tree,Get children count [root],0.0009903454780578614,Time (s)
616,259,postgresql,tree,Get children [root],0.0013345861434936523,Time (s)
617,259,postgresql,tree,Get ancestors [leaf],0.0009256339073181152,Time (s)
618,259,postgresql,tree,Get previous sibling [root],0.0011905288696289062,Time (s)
619,259,postgresql,tree,Get previous sibling [leaf],0.0015808868408203126,Time (s)
620,259,postgresql,tree,Get descendants count [leaf],0.0012725043296813966,Time (s)
621,259,postgresql,tree,Get next sibling [leaf],0.002423052787780762,Time (s)
622,259,postgresql,tree,Get children [leaf],0.0014670801162719727,Time (s)
623,259,postgresql,tree,Get descendants [root],0.0030232357978820803,Time (s)
624,259,postgresql,tree,Get ancestors [branch],0.0012959122657775878,Time (s)
625,259,postgresql,tree,Get descendants [branch],0.0016415071487426757,Time (s)
626,259,postgresql,tree,Get next sibling [branch],0.0025327086448669435,Time (s)
627,259,postgresql,tree,Get next sibling [root],0.0024801206588745115,Time (s)
628,259,postgresql,tree,Get descendants count [branch],0.001473369598388672,Time (s)
629,259,postgresql,tree,Get descendants count [root],0.0015655255317687988,Time (s)
630,259,postgresql,tree,Get children count [branch],0.0013094568252563477,Time (s)
631,259,postgresql,tree,Get siblings [leaf],0.0016627025604248047,Time (s)
632,259,postgresql,tree,Get children [branch],0.0016909432411193847,Time (s)
633,259,postgresql,tree,Get previous sibling [branch],0.002363178730010986,Time (s)
634,259,postgresql,tree,Table disk usage (including indexes),40960.0,Disk usage (bytes)
635,259,postgresql,tree,Get ancestors [root],0.00023370742797851563,Time (s)
636,259,postgresql,tree,Get siblings [root],0.0017549467086791992,Time (s)
637,259,postgresql,tree,Get descendants [leaf],0.0011939477920532226,Time (s)
638,1099,postgresql,tree,Create all objects,1.7635588645935059,Time (s)
639,1099,postgresql,tree,Get siblings [branch],0.0008867168426513672,Time (s)
640,1099,postgresql,tree,Get children count [leaf],0.0005777907371520996,Time (s)
641,1099,postgresql,tree,Get children count [root],0.0006214642524719239,Time (s)
642,1099,postgresql,tree,Get children [root],0.0008584070205688477,Time (s)
643,1099,postgresql,tree,Get ancestors [leaf],0.0013247966766357423,Time (s)
644,1099,postgresql,tree,Get previous sibling [root],0.00228837251663208,Time (s)
645,1099,postgresql,tree,Get previous sibling [leaf],0.00234616756439209,Time (s)
646,1099,postgresql,tree,Get descendants count [leaf],0.0014484834671020508,Time (s)
647,1099,postgresql,tree,Get next sibling [leaf],0.002546107769012451,Time (s)
648,1099,postgresql,tree,Get children [leaf],0.0013062739372253418,Time (s)
649,1099,postgresql,tree,Get descendants [root],0.008954336643218994,Time (s)
650,1099,postgresql,tree,Get ancestors [branch],0.0013733053207397462,Time (s)
651,1099,postgresql,tree,Get descendants [branch],0.002362947463989258,Time (s)
652,1099,postgresql,tree,Get next sibling [branch],0.002394556999206543,Time (s)
653,1099,postgresql,tree,Get next sibling [root],0.002746896743774414,Time (s)
654,1099,postgresql,tree,Get descendants count [branch],0.001260237693786621,Time (s)
655,1099,postgresql,tree,Get descendants count [root],0.0015306973457336426,Time (s)
656,1099,postgresql,tree,Get children count [branch],0.0012586808204650879,Time (s)
657,1099,postgresql,tree,Get siblings [leaf],0.001686251163482666,Time (s)
658,1099,postgresql,tree,Get children [branch],0.0015804719924926757,Time (s)
659,1099,postgresql,tree,Get previous sibling [branch],0.0025484323501586913,Time (s)
660,1099,postgresql,tree,Table disk usage (including indexes),163840.0,Disk usage (bytes)
661,1099,postgresql,tree,Get ancestors [root],0.00024510860443115233,Time (s)
662,1099,postgresql,tree,Get siblings [root],0.00238856315612793,Time (s)
663,1099,postgresql,tree,Get descendants [leaf],0.00143202543258667,Time (s)
664,3619,postgresql,tree,Create all objects,10.1206214427948,Time (s)
665,3619,postgresql,tree,Get siblings [branch],0.001899595260620117,Time (s)
666,3619,postgresql,tree,Get children count [leaf],0.001271359920501709,Time (s)
667,3619,postgresql,tree,Get children count [root],0.0014731669425964355,Time (s)
668,3619,postgresql,tree,Get children [root],0.001830615997314453,Time (s)
669,3619,postgresql,tree,Get ancestors [leaf],0.0017959880828857422,Time (s)
670,3619,postgresql,tree,Get previous sibling [root],0.003299307823181152,Time (s)
671,3619,postgresql,tree,Get previous sibling [leaf],0.0026441764831542968,Time (s)
672,3619,postgresql,tree,Get descendants count [leaf],0.0012330293655395507,Time (s)
673,3619,postgresql,tree,Get next sibling [leaf],0.0023700284957885744,Time (s)
674,3619,postgresql,tree,Get children [leaf],0.001180710792541504,Time (s)
675,3619,postgresql,tree,Get descendants [root],0.030460574626922608,Time (s)
676,3619,postgresql,tree,Get ancestors [branch],0.0014939141273498536,Time (s)
677,3619,postgresql,tree,Get descendants [branch],0.005571129322052002,Time (s)
678,3619,postgresql,tree,Get next sibling [branch],0.003033280372619629,Time (s)
679,3619,postgresql,tree,Get next sibling [root],0.003102569580078125,Time (s)
680,3619,postgresql,tree,Get descendants count [branch],0.0016034746170043945,Time (s)
681,3619,postgresql,tree,Get descendants count [root],0.002230663299560547,Time (s)
682,3619,postgresql,tree,Get children count [branch],0.0013326382637023925,Time (s)
683,3619,postgresql,tree,Get siblings [leaf],0.0014261794090270996,Time (s)
684,3619,postgresql,tree,Get children [branch],0.0015442752838134765,Time (s)
685,3619,postgresql,tree,Get previous sibling [branch],0.002186310291290283,Time (s)
686,3619,postgresql,tree,Table disk usage (including indexes),483328.0,Disk usage (bytes)
687,3619,postgresql,tree,Get ancestors [root],0.0002503156661987305,Time (s)
688,3619,postgresql,tree,Get siblings [root],0.0027595973014831543,Time (s)
689,3619,postgresql,tree,Get descendants [leaf],0.001204233169555664,Time (s)
690,8659,postgresql,tree,Create all objects,42.93497395515442,Time (s)
691,8659,postgresql,tree,Get siblings [branch],0.0024512910842895506,Time (s)
692,8659,postgresql,tree,Get children count [leaf],0.0014448046684265136,Time (s)
693,8659,postgresql,tree,Get children count [root],0.0020563411712646485,Time (s)
694,8659,postgresql,tree,Get children [root],0.002283928394317627,Time (s)
695,8659,postgresql,tree,Get ancestors [leaf],0.0018403744697570801,Time (s)
696,8659,postgresql,tree,Get previous sibling [root],0.004442596435546875,Time (s)
697,8659,postgresql,tree,Get previous sibling [leaf],0.002670004367828369,Time (s)
698,8659,postgresql,tree,Get descendants count [leaf],0.0016046214103698732,Time (s)
699,8659,postgresql,tree,Get next sibling [leaf],0.0024136757850646974,Time (s)
700,8659,postgresql,tree,Get children [leaf],0.0011618590354919433,Time (s)
701,8659,postgresql,tree,Get descendants [root],0.06983566761016846,Time (s)
702,8659,postgresql,tree,Get ancestors [branch],0.001114974021911621,Time (s)
703,8659,postgresql,tree,Get descendants [branch],0.010251560211181641,Time (s)
704,8659,postgresql,tree,Get next sibling [branch],0.0029430150985717773,Time (s)
705,8659,postgresql,tree,Get next sibling [root],0.003905456066131592,Time (s)
706,8659,postgresql,tree,Get descendants count [branch],0.0015080738067626952,Time (s)
707,8659,postgresql,tree,Get descendants count [root],0.002408711910247803,Time (s)
708,8659,postgresql,tree,Get children count [branch],0.001401512622833252,Time (s)
709,8659,postgresql,tree,Get siblings [leaf],0.0013895583152770995,Time (s)
710,8659,postgresql,tree,Get children [branch],0.0016113829612731934,Time (s)
711,8659,postgresql,tree,Get previous sibling [branch],0.0021968317031860352,Time (s)
712,8659,postgresql,tree,Table disk usage (including indexes),1089536.0,Disk usage (bytes)
713,8659,postgresql,tree,Get ancestors [root],0.00024462223052978515,Time (s)
714,8659,postgresql,tree,Get siblings [root],0.003904550075531006,Time (s)
715,8659,postgresql,tree,Get descendants [leaf],0.00117372989654541,Time (s)
716,18739,postgresql,tree,Create all objects,174.24184894561768,Time (s)
717,18739,postgresql,tree,Get siblings [branch],0.003073875904083252,Time (s)
718,18739,postgresql,tree,Get children count [leaf],0.0013002777099609376,Time (s)
719,18739,postgresql,tree,Get children count [root],0.002386505603790283,Time (s)
720,18739,postgresql,tree,Get children [root],0.0029297685623168946,Time (s)
721,18739,postgresql,tree,Get ancestors [leaf],0.0019733190536499025,Time (s)
722,18739,postgresql,tree,Get previous sibling [root],0.00471017837524414,Time (s)
723,18739,postgresql,tree,Get previous sibling [leaf],0.0024871277809143067,Time (s)
724,18739,postgresql,tree,Get descendants count [leaf],0.0014053678512573242,Time (s)
725,18739,postgresql,tree,Get next sibling [leaf],0.0024521541595458984,Time (s)
726,18739,postgresql,tree,Get children [leaf],0.0013930654525756835,Time (s)
727,18739,postgresql,tree,Get descendants [root],0.14683450222015382,Time (s)
728,18739,postgresql,tree,Get ancestors [branch],0.001273958683013916,Time (s)
729,18739,postgresql,tree,Get descendants [branch],0.02536151885986328,Time (s)
730,18739,postgresql,tree,Get next sibling [branch],0.003699150085449219,Time (s)
731,18739,postgresql,tree,Get next sibling [root],0.005923154354095459,Time (s)
732,18739,postgresql,tree,Get descendants count [branch],0.0018465852737426759,Time (s)
733,18739,postgresql,tree,Get descendants count [root],0.003134005069732666,Time (s)
734,18739,postgresql,tree,Get children count [branch],0.001653575897216797,Time (s)
735,18739,postgresql,tree,Get siblings [leaf],0.0013578486442565917,Time (s)
736,18739,postgresql,tree,Get children [branch],0.0019034147262573242,Time (s)
737,18739,postgresql,tree,Get previous sibling [branch],0.002311992645263672,Time (s)
738,18739,postgresql,tree,Table disk usage (including indexes),2211840.0,Disk usage (bytes)
739,18739,postgresql,tree,Get ancestors [root],0.00025230884552001953,Time (s)
740,18739,postgresql,tree,Get siblings [root],0.005829532146453858,Time (s)
741,18739,postgresql,tree,Get descendants [leaf],0.0011507964134216309,Time (s)
742,38899,postgresql,tree,Create all objects,736.0141906738281,Time (s)
743,38899,postgresql,tree,Get siblings [branch],0.0035637116432189943,Time (s)
744,38899,postgresql,tree,Get children count [leaf],0.001356379985809326,Time (s)
745,38899,postgresql,tree,Get children count [root],0.003193690776824951,Time (s)
746,38899,postgresql,tree,Get children [root],0.003596205711364746,Time (s)
747,38899,postgresql,tree,Get ancestors [leaf],0.0019391870498657226,Time (s)
748,38899,postgresql,tree,Get previous sibling [root],0.007511444091796875,Time (s)
749,38899,postgresql,tree,Get previous sibling [leaf],0.0023492145538330077,Time (s)
750,38899,postgresql,tree,Get descendants count [leaf],0.001308441162109375,Time (s)
751,38899,postgresql,tree,Get next sibling [leaf],0.002436189651489258,Time (s)
752,38899,postgresql,tree,Get children [leaf],0.001234898567199707,Time (s)
753,38899,postgresql,tree,Get descendants [root],0.2970049548149109,Time (s)
754,38899,postgresql,tree,Get ancestors [branch],0.0013639616966247558,Time (s)
755,38899,postgresql,tree,Get descendants [branch],0.05229872941970825,Time (s)
756,38899,postgresql,tree,Get next sibling [branch],0.0044525861740112305,Time (s)
757,38899,postgresql,tree,Get next sibling [root],0.00843170166015625,Time (s)
758,38899,postgresql,tree,Get descendants count [branch],0.002154698371887207,Time (s)
759,38899,postgresql,tree,Get descendants count [root],0.005324161052703858,Time (s)
760,38899,postgresql,tree,Get children count [branch],0.001827414035797119,Time (s)
761,38899,postgresql,tree,Get siblings [leaf],0.0013580203056335449,Time (s)
762,38899,postgresql,tree,Get children [branch],0.0019007182121276855,Time (s)
763,38899,postgresql,tree,Get previous sibling [branch],0.0025714516639709474,Time (s)
764,38899,postgresql,tree,Table disk usage (including indexes),4890624.0,Disk usage (bytes)
765,38899,postgresql,tree,Get ancestors [root],0.00023124456405639648,Time (s)
766,38899,postgresql,tree,Get siblings [root],0.009564201831817627,Time (s)
767,38899,postgresql,tree,Get descendants [leaf],0.0011577725410461426,Time (s)
768,7,postgresql,treebeard MP,Create all objects,0.0674586296081543,Time (s)
769,7,postgresql,treebeard MP,Get ancestors [root],0.0005522370338439941,Time (s)
770,7,postgresql,treebeard MP,Get descendants [leaf],0.0016949844360351562,Time (s)
771,7,postgresql,treebeard MP,Get descendants count [root],0.0013436460494995117,Time (s)
772,7,postgresql,treebeard MP,Get next sibling [root],0.0020108771324157714,Time (s)
773,7,postgresql,treebeard MP,Get ancestors [leaf],0.0005689072608947754,Time (s)
774,7,postgresql,treebeard MP,Get previous sibling [leaf],0.0021196722984313963,Time (s)
775,7,postgresql,treebeard MP,Get children count [leaf],7.152557373046875e-07,Time (s)
776,7,postgresql,treebeard MP,Get children [leaf],0.00035260200500488283,Time (s)
777,7,postgresql,treebeard MP,Get children [root],0.0002844572067260742,Time (s)
778,7,postgresql,treebeard MP,Get siblings [leaf],0.0015788674354553223,Time (s)
779,7,postgresql,treebeard MP,Get children count [root],7.605552673339844e-07,Time (s)
780,7,postgresql,treebeard MP,Table disk usage (including indexes),8192.0,Disk usage (bytes)
781,7,postgresql,treebeard MP,Get siblings [root],0.0016181826591491698,Time (s)
782,7,postgresql,treebeard MP,Get descendants [root],0.001508183479309082,Time (s)
783,7,postgresql,treebeard MP,Get previous sibling [root],0.0019213247299194336,Time (s)
784,7,postgresql,treebeard MP,Get descendants count [leaf],0.0015601372718811034,Time (s)
785,7,postgresql,treebeard MP,Get next sibling [leaf],0.0018858075141906737,Time (s)
786,49,postgresql,treebeard MP,Create all objects,0.4772169589996338,Time (s)
787,49,postgresql,treebeard MP,Get ancestors [root],0.0005453085899353027,Time (s)
788,49,postgresql,treebeard MP,Get descendants [leaf],0.0014943242073059081,Time (s)
789,49,postgresql,treebeard MP,Get descendants count [root],0.0019053745269775391,Time (s)
790,49,postgresql,treebeard MP,Get next sibling [root],0.0018590807914733887,Time (s)
791,49,postgresql,treebeard MP,Get ancestors [leaf],0.0014109396934509277,Time (s)
792,49,postgresql,treebeard MP,Get previous sibling [leaf],0.0026506781578063965,Time (s)
793,49,postgresql,treebeard MP,Get children count [leaf],7.05718994140625e-07,Time (s)
794,49,postgresql,treebeard MP,Get children [leaf],0.00036369800567626954,Time (s)
795,49,postgresql,treebeard MP,Get children [root],0.00203690767288208,Time (s)
796,49,postgresql,treebeard MP,Get siblings [leaf],0.0020442843437194825,Time (s)
797,49,postgresql,treebeard MP,Get children count [root],2.219676971435547e-06,Time (s)
798,49,postgresql,treebeard MP,Table disk usage (including indexes),8192.0,Disk usage (bytes)
799,49,postgresql,treebeard MP,Get siblings [root],0.0015256500244140625,Time (s)
800,49,postgresql,treebeard MP,Get descendants [root],0.002238454818725586,Time (s)
801,49,postgresql,treebeard MP,Get previous sibling [root],0.002075796127319336,Time (s)
802,49,postgresql,treebeard MP,Get descendants count [leaf],0.0016144895553588867,Time (s)
803,49,postgresql,treebeard MP,Get next sibling [leaf],0.0023977088928222655,Time (s)
804,259,postgresql,treebeard MP,Create all objects,2.627714157104492,Time (s)
805,259,postgresql,treebeard MP,Get ancestors [root],0.0005653715133666993,Time (s)
806,259,postgresql,treebeard MP,Get descendants count [branch],0.002129237651824951,Time (s)
807,259,postgresql,treebeard MP,Get descendants [leaf],0.0014713764190673827,Time (s)
808,259,postgresql,treebeard MP,Get descendants count [root],0.002228419780731201,Time (s)
809,259,postgresql,treebeard MP,Get children count [branch],6.747245788574219e-07,Time (s)
810,259,postgresql,treebeard MP,Get next sibling [root],0.002333366870880127,Time (s)
811,259,postgresql,treebeard MP,Get ancestors [leaf],0.0017926859855651855,Time (s)
812,259,postgresql,treebeard MP,Get siblings [branch],0.001745295524597168,Time (s)
813,259,postgresql,treebeard MP,Get previous sibling [leaf],0.002412590980529785,Time (s)
814,259,postgresql,treebeard MP,Get children count [leaf],6.079673767089843e-07,Time (s)
815,259,postgresql,treebeard MP,Get children [leaf],0.0003478717803955078,Time (s)
816,259,postgresql,treebeard MP,Get children [root],0.002165830135345459,Time (s)
817,259,postgresql,treebeard MP,Get siblings [leaf],0.0023210954666137693,Time (s)
818,259,postgresql,treebeard MP,Get children count [root],1.4829635620117187e-06,Time (s)
819,259,postgresql,treebeard MP,Table disk usage (including indexes),24576.0,Disk usage (bytes)
820,259,postgresql,treebeard MP,Get ancestors [branch],0.0005709362030029296,Time (s)
821,259,postgresql,treebeard MP,Get descendants [branch],0.003060159683227539,Time (s)
822,259,postgresql,treebeard MP,Get children [branch],0.0021579313278198243,Time (s)
823,259,postgresql,treebeard MP,Get siblings [root],0.0017086887359619141,Time (s)
824,259,postgresql,treebeard MP,Get next sibling [branch],0.002315242290496826,Time (s)
825,259,postgresql,treebeard MP,Get descendants [root],0.0027944135665893557,Time (s)
826,259,postgresql,treebeard MP,Get previous sibling [root],0.0022877359390258787,Time (s)
827,259,postgresql,treebeard MP,Get descendants count [leaf],0.0014852833747863768,Time (s)
828,259,postgresql,treebeard MP,Get previous sibling [branch],0.0026201438903808594,Time (s)
829,259,postgresql,treebeard MP,Get next sibling [leaf],0.002594928741455078,Time (s)
830,1099,postgresql,treebeard MP,Create all objects,10.662606716156006,Time (s)
831,1099,postgresql,treebeard MP,Get ancestors [root],0.0005400633811950684,Time (s)
832,1099,postgresql,treebeard MP,Get descendants count [branch],0.002519526481628418,Time (s)
833,1099,postgresql,treebeard MP,Get descendants [leaf],0.0016705656051635741,Time (s)
834,1099,postgresql,treebeard MP,Get descendants count [root],0.0026218390464782717,Time (s)
835,1099,postgresql,treebeard MP,Get children count [branch],7.05718994140625e-07,Time (s)
836,1099,postgresql,treebeard MP,Get next sibling [root],0.0035021042823791503,Time (s)
837,1099,postgresql,treebeard MP,Get ancestors [leaf],0.0024633359909057616,Time (s)
838,1099,postgresql,treebeard MP,Get siblings [branch],0.001979796886444092,Time (s)
839,1099,postgresql,treebeard MP,Get previous sibling [leaf],0.0024268293380737306,Time (s)
840,1099,postgresql,treebeard MP,Get children count [leaf],6.866455078125e-07,Time (s)
841,1099,postgresql,treebeard MP,Get children [leaf],0.0003472208976745605,Time (s)
842,1099,postgresql,treebeard MP,Get children [root],0.0026627373695373535,Time (s)
843,1099,postgresql,treebeard MP,Get siblings [leaf],0.0019686198234558105,Time (s)
844,1099,postgresql,treebeard MP,Get children count [root],7.987022399902344e-07,Time (s)
845,1099,postgresql,treebeard MP,Table disk usage (including indexes),90112.0,Disk usage (bytes)
846,1099,postgresql,treebeard MP,Get ancestors [branch],0.0005148673057556153,Time (s)
847,1099,postgresql,treebeard MP,Get descendants [branch],0.00593925952911377,Time (s)
848,1099,postgresql,treebeard MP,Get children [branch],0.0025414204597473144,Time (s)
849,1099,postgresql,treebeard MP,Get siblings [root],0.0021000266075134276,Time (s)
850,1099,postgresql,treebeard MP,Get next sibling [branch],0.0038281989097595213,Time (s)
851,1099,postgresql,treebeard MP,Get descendants [root],0.005964384078979492,Time (s)
852,1099,postgresql,treebeard MP,Get previous sibling [root],0.003452584743499756,Time (s)
853,1099,postgresql,treebeard MP,Get descendants count [leaf],0.0014220881462097168,Time (s)
854,1099,postgresql,treebeard MP,Get previous sibling [branch],0.0033517026901245116,Time (s)
855,1099,postgresql,treebeard MP,Get next sibling [leaf],0.0025346016883850096,Time (s)
856,3619,postgresql,treebeard MP,Create all objects,33.750269174575806,Time (s)
857,3619,postgresql,treebeard MP,Get ancestors [root],0.0005086803436279297,Time (s)
858,3619,postgresql,treebeard MP,Get descendants count [branch],0.0032155561447143556,Time (s)
859,3619,postgresql,treebeard MP,Get descendants [leaf],0.001799318790435791,Time (s)
860,3619,postgresql,treebeard MP,Get descendants count [root],0.0054008555412292485,Time (s)
861,3619,postgresql,treebeard MP,Get children count [branch],8.630752563476563e-07,Time (s)
862,3619,postgresql,treebeard MP,Get next sibling [root],0.0034998297691345216,Time (s)
863,3619,postgresql,treebeard MP,Get ancestors [leaf],0.0017998266220092774,Time (s)
864,3619,postgresql,treebeard MP,Get siblings [branch],0.002974886894226074,Time (s)
865,3619,postgresql,treebeard MP,Get previous sibling [leaf],0.00284968376159668,Time (s)
866,3619,postgresql,treebeard MP,Get children count [leaf],1.2159347534179687e-06,Time (s)
867,3619,postgresql,treebeard MP,Get children [leaf],0.00036183357238769534,Time (s)
868,3619,postgresql,treebeard MP,Get children [root],0.006971011161804199,Time (s)
869,3619,postgresql,treebeard MP,Get siblings [leaf],0.0022707772254943847,Time (s)
870,3619,postgresql,treebeard MP,Get children count [root],7.534027099609375e-07,Time (s)
871,3619,postgresql,treebeard MP,Table disk usage (including indexes),286720.0,Disk usage (bytes)
872,3619,postgresql,treebeard MP,Get ancestors [branch],0.0006006884574890136,Time (s)
873,3619,postgresql,treebeard MP,Get descendants [branch],0.02175602674484253,Time (s)
874,3619,postgresql,treebeard MP,Get children [branch],0.0034835457801818846,Time (s)
875,3619,postgresql,treebeard MP,Get siblings [root],0.002831583023071289,Time (s)
876,3619,postgresql,treebeard MP,Get next sibling [branch],0.003192899227142334,Time (s)
877,3619,postgresql,treebeard MP,Get descendants [root],0.02258469343185425,Time (s)
878,3619,postgresql,treebeard MP,Get previous sibling [root],0.0029482030868530273,Time (s)
879,3619,postgresql,treebeard MP,Get descendants count [leaf],0.001417849063873291,Time (s)
880,3619,postgresql,treebeard MP,Get previous sibling [branch],0.002040543556213379,Time (s)
881,3619,postgresql,treebeard MP,Get next sibling [leaf],0.0025052595138549804,Time (s)
882,8659,postgresql,treebeard MP,Create all objects,73.61787247657776,Time (s)
883,8659,postgresql,treebeard MP,Get ancestors [root],0.0005485081672668457,Time (s)
884,8659,postgresql,treebeard MP,Get descendants count [branch],0.004417459964752197,Time (s)
885,8659,postgresql,treebeard MP,Get descendants [leaf],0.0015690660476684571,Time (s)
886,8659,postgresql,treebeard MP,Get descendants count [root],0.0037655401229858398,Time (s)
887,8659,postgresql,treebeard MP,Get children count [branch],9.298324584960937e-07,Time (s)
888,8659,postgresql,treebeard MP,Get next sibling [root],0.0043434882164001464,Time (s)
889,8659,postgresql,treebeard MP,Get ancestors [leaf],0.0018048405647277832,Time (s)
890,8659,postgresql,treebeard MP,Get siblings [branch],0.004411704540252685,Time (s)
891,8659,postgresql,treebeard MP,Get previous sibling [leaf],0.002566370964050293,Time (s)
892,8659,postgresql,treebeard MP,Get children count [leaf],7.939338684082031e-07,Time (s)
893,8659,postgresql,treebeard MP,Get children [leaf],0.00035335540771484373,Time (s)
894,8659,postgresql,treebeard MP,Get children [root],0.004850633144378662,Time (s)
895,8659,postgresql,treebeard MP,Get siblings [leaf],0.0022092819213867187,Time (s)
896,8659,postgresql,treebeard MP,Get children count [root],7.963180541992187e-07,Time (s)
897,8659,postgresql,treebeard MP,Table disk usage (including indexes),688128.0,Disk usage (bytes)
898,8659,postgresql,treebeard MP,Get ancestors [branch],0.0006235790252685547,Time (s)
899,8659,postgresql,treebeard MP,Get descendants [branch],0.03774183750152588,Time (s)
900,8659,postgresql,treebeard MP,Get children [branch],0.0052075362205505375,Time (s)
901,8659,postgresql,treebeard MP,Get siblings [root],0.004135417938232422,Time (s)
902,8659,postgresql,treebeard MP,Get next sibling [branch],0.004218134880065918,Time (s)
903,8659,postgresql,treebeard MP,Get descendants [root],0.03797821998596192,Time (s)
904,8659,postgresql,treebeard MP,Get previous sibling [root],0.00420952320098877,Time (s)
905,8659,postgresql,treebeard MP,Get descendants count [leaf],0.0014409756660461427,Time (s)
906,8659,postgresql,treebeard MP,Get previous sibling [branch],0.0020651316642761233,Time (s)
907,8659,postgresql,treebeard MP,Get next sibling [leaf],0.0028863120079040527,Time (s)
908,18739,postgresql,treebeard MP,Create all objects,156.12463665008545,Time (s)
909,18739,postgresql,treebeard MP,Get ancestors [root],0.0004953551292419434,Time (s)
910,18739,postgresql,treebeard MP,Get descendants count [branch],0.0059648799896240235,Time (s)
911,18739,postgresql,treebeard MP,Get descendants [leaf],0.001509230136871338,Time (s)
912,18739,postgresql,treebeard MP,Get descendants count [root],0.005643813610076904,Time (s)
913,18739,postgresql,treebeard MP,Get children count [branch],1.220703125e-06,Time (s)
914,18739,postgresql,treebeard MP,Get next sibling [root],0.006244766712188721,Time (s)
915,18739,postgresql,treebeard MP,Get ancestors [leaf],0.0019031047821044921,Time (s)
916,18739,postgresql,treebeard MP,Get siblings [branch],0.006030347347259522,Time (s)
917,18739,postgresql,treebeard MP,Get previous sibling [leaf],0.0026862621307373047,Time (s)
918,18739,postgresql,treebeard MP,Get children count [leaf],7.176399230957031e-07,Time (s)
919,18739,postgresql,treebeard MP,Get children [leaf],0.00037239551544189454,Time (s)
920,18739,postgresql,treebeard MP,Get children [root],0.007563459873199463,Time (s)
921,18739,postgresql,treebeard MP,Get siblings [leaf],0.0024457406997680665,Time (s)
922,18739,postgresql,treebeard MP,Get children count [root],6.723403930664062e-07,Time (s)
923,18739,postgresql,treebeard MP,Table disk usage (including indexes),1581056.0,Disk usage (bytes)
924,18739,postgresql,treebeard MP,Get ancestors [branch],0.0005153274536132813,Time (s)
925,18739,postgresql,treebeard MP,Get descendants [branch],0.07369518280029297,Time (s)
926,18739,postgresql,treebeard MP,Get children [branch],0.007912414073944092,Time (s)
927,18739,postgresql,treebeard MP,Get siblings [root],0.006810677051544189,Time (s)
928,18739,postgresql,treebeard MP,Get next sibling [branch],0.006170933246612549,Time (s)
929,18739,postgresql,treebeard MP,Get descendants [root],0.07209204912185668,Time (s)
930,18739,postgresql,treebeard MP,Get previous sibling [root],0.005891430377960205,Time (s)
931,18739,postgresql,treebeard MP,Get descendants count [leaf],0.001454782485961914,Time (s)
932,18739,postgresql,treebeard MP,Get previous sibling [branch],0.001946742534637451,Time (s)
933,18739,postgresql,treebeard MP,Get next sibling [leaf],0.0025624322891235353,Time (s)
934,38899,postgresql,treebeard MP,Create all objects,319.1281855106354,Time (s)
935,38899,postgresql,treebeard MP,Get ancestors [root],0.0005662178993225097,Time (s)
936,38899,postgresql,treebeard MP,Get descendants count [branch],0.009141759872436523,Time (s)
937,38899,postgresql,treebeard MP,Get descendants [leaf],0.0015553593635559081,Time (s)
938,38899,postgresql,treebeard MP,Get descendants count [root],0.008424201011657716,Time (s)
939,38899,postgresql,treebeard MP,Get children count [branch],9.965896606445312e-07,Time (s)
940,38899,postgresql,treebeard MP,Get next sibling [root],0.008515601158142089,Time (s)
941,38899,postgresql,treebeard MP,Get ancestors [leaf],0.001865675449371338,Time (s)
942,38899,postgresql,treebeard MP,Get siblings [branch],0.0099096417427063,Time (s)
943,38899,postgresql,treebeard MP,Get previous sibling [leaf],0.0025934267044067385,Time (s)
944,38899,postgresql,treebeard MP,Get children count [leaf],7.963180541992187e-07,Time (s)
945,38899,postgresql,treebeard MP,Get children [leaf],0.0003449630737304688,Time (s)
946,38899,postgresql,treebeard MP,Get children [root],0.011519408226013184,Time (s)
947,38899,postgresql,treebeard MP,Get siblings [leaf],0.0022391796112060545,Time (s)
948,38899,postgresql,treebeard MP,Get children count [root],7.891654968261719e-07,Time (s)
949,38899,postgresql,treebeard MP,Table disk usage (including indexes),3342336.0,Disk usage (bytes)
950,38899,postgresql,treebeard MP,Get ancestors [branch],0.0005198907852172851,Time (s)
951,38899,postgresql,treebeard MP,Get descendants [branch],0.14505938529968262,Time (s)
952,38899,postgresql,treebeard MP,Get children [branch],0.007126293182373047,Time (s)
953,38899,postgresql,treebeard MP,Get siblings [root],0.00908290147781372,Time (s)
954,38899,postgresql,treebeard MP,Get next sibling [branch],0.009654455184936524,Time (s)
955,38899,postgresql,treebeard MP,Get descendants [root],0.14860154628753663,Time (s)
956,38899,postgresql,treebeard MP,Get previous sibling [root],0.009249124526977539,Time (s)
957,38899,postgresql,treebeard MP,Get descendants count [leaf],0.0012980079650878906,Time (s)
958,38899,postgresql,treebeard MP,Get previous sibling [branch],0.0019663262367248537,Time (s)
959,38899,postgresql,treebeard MP,Get next sibling [leaf],0.0026251840591430663,Time (s)
